路径,Handler,当前方法,推荐方法,代码行
/get_type_list,Unknown,POST,GET,"_bot.POST("/get_type_list", append(_gettypelistMw(), coze.GetTypeList)...)"
/get_message_list,Unknown,POST,GET,"_conversation.POST("/get_message_list", append(_getmessagelistMw(), coze.GetMessageList)...)"
/get_icon,Unknown,POST,GET,"_developer.POST("/get_icon", append(_geticonMw(), coze.GetIcon)...)"
/get_display_info,Unknown,POST,GET,"_draftbot.POST("/get_display_info", append(_getdraftbotdisplayinfoMw(), coze.GetDraftBotDisplayInfo)...)"
/list_draft_history,Unknown,POST,GET,"_draftbot.POST("/list_draft_history", append(_listdraftbothistoryMw(), coze.ListDraftBotHistory)...)"
/list,Unknown,POST,GET,"_connector.POST("/list", append(_publishconnectorlistMw(), coze.PublishConnectorList)...)"
/inner_task_list,Unknown,POST,GET,"_draft_project.POST("/inner_task_list", append(_draftprojectinnertasklistMw(), coze.DraftProjectInnerTaskList)...)"
/connector_list,Unknown,POST,GET,"_publish0.POST("/connector_list", append(_projectpublishconnectorlistMw(), coze.ProjectPublishConnectorList)...)"
/get_published_connector,Unknown,POST,GET,"_publish0.POST("/get_published_connector", append(_getprojectpublishedconnectorMw(), coze.GetProjectPublishedConnector)...)"
/publish_record_detail,Unknown,POST,GET,"_publish0.POST("/publish_record_detail", append(_getpublishrecorddetailMw(), coze.GetPublishRecordDetail)...)"
/publish_record_list,Unknown,POST,GET,"_publish0.POST("/publish_record_list", append(_getpublishrecordlistMw(), coze.GetPublishRecordList)...)"
/get_draft_intelligence_info,Unknown,POST,GET,"_search.POST("/get_draft_intelligence_info", append(_getdraftintelligenceinfoMw(), coze.GetDraftIntelligenceInfo)...)"
/get_draft_intelligence_list,Unknown,POST,GET,"_search.POST("/get_draft_intelligence_list", append(_getdraftintelligencelistMw(), coze.GetDraftIntelligenceList)...)"
/get_recently_edit_intelligence,Unknown,POST,GET,"_search.POST("/get_recently_edit_intelligence", append(_getuserrecentlyeditintelligenceMw(), coze.GetUserRecentlyEditIntelligence)...)"
/detail,Unknown,POST,GET,"_knowledge0.POST("/detail", append(_datasetdetailMw(), coze.DatasetDetail)...)"
/list,Unknown,POST,GET,"_knowledge0.POST("/list", append(_listdatasetMw(), coze.ListDataset)...)"
/list,Unknown,POST,GET,"_document.POST("/list", append(_listdocumentMw(), coze.ListDocument)...)"
/detail,Unknown,POST,GET,"_photo.POST("/detail", append(_photodetailMw(), coze.PhotoDetail)...)"
/list,Unknown,POST,GET,"_photo.POST("/list", append(_listphotoMw(), coze.ListPhoto)...)"
/list,Unknown,POST,GET,"_slice.POST("/list", append(_listsliceMw(), coze.ListSlice)...)"
/get_by_id,Unknown,POST,GET,"_database.POST("/get_by_id", append(_getdatabasebyidMw(), coze.GetDatabaseByID)...)"
/get_connector_name,Unknown,POST,GET,"_database.POST("/get_connector_name", append(_getconnectornameMw(), coze.GetConnectorName)...)"
/get_online_database_id,Unknown,POST,GET,"_database.POST("/get_online_database_id", append(_getonlinedatabaseidMw(), coze.GetOnlineDatabaseId)...)"
/get_template,Unknown,POST,GET,"_database.POST("/get_template", append(_getdatabasetemplateMw(), coze.GetDatabaseTemplate)...)"
/list,Unknown,POST,GET,"_database.POST("/list", append(_listdatabaseMw(), coze.ListDatabase)...)"
/list_records,Unknown,POST,GET,"_database.POST("/list_records", append(_listdatabaserecordsMw(), coze.ListDatabaseRecords)...)"
/list_new,Unknown,POST,GET,"_table.POST("/list_new", append(_getbotdatabaseMw(), coze.GetBotDatabase)...)"
/get_progress,Unknown,POST,GET,"_table_file.POST("/get_progress", append(_databasefileprogressdataMw(), coze.DatabaseFileProgressData)...)"
/get_meta,Unknown,POST,GET,"_variable0.POST("/get_meta", append(_getmemoryvariablemetaMw(), coze.GetMemoryVariableMeta)...)"
/get_onboarding,Unknown,POST,GET,"_playground.POST("/get_onboarding", append(_getonboardingMw(), coze.GetOnboarding)...)"
/get_file_list,Unknown,POST,GET,"_playground_api.POST("/get_file_list", append(_getfileurlsMw(), coze.GetFileUrls)...)"
/get_imagex_url,Unknown,POST,GET,"_playground_api.POST("/get_imagex_url", append(_getimagexshorturlMw(), coze.GetImagexShortUrl)...)"
/get_official_prompt_list,Unknown,POST,GET,"_playground_api.POST("/get_official_prompt_list", append(_getofficialpromptresourcelistMw(), coze.GetOfficialPromptResourceList)...)"
/mget_user_info,Unknown,POST,GET,"_playground_api.POST("/mget_user_info", append(_mgetuserbasicinfoMw(), coze.MGetUserBasicInfo)...)"
/get_draft_bot_info,Unknown,POST,GET,"_draftbot0.POST("/get_draft_bot_info", append(_getdraftbotinfoagwMw(), coze.GetDraftBotInfoAgw)...)"
/get_bot_popup_info,Unknown,POST,GET,"_operate.POST("/get_bot_popup_info", append(_getbotpopupinfoMw(), coze.GetBotPopupInfo)...)"
/list,Unknown,POST,GET,"_space.POST("/list", append(_getspacelistv2Mw(), coze.GetSpaceListV2)...)"
/get_oauth_schema,Unknown,POST,GET,"_plugin.POST("/get_oauth_schema", append(_getoauthschemaMw(), coze.GetOAuthSchema)...)"
/get_bot_default_params,Unknown,POST,GET,"_plugin_api.POST("/get_bot_default_params", append(_getbotdefaultparamsMw(), coze.GetBotDefaultParams)...)"
/get_dev_plugin_list,Unknown,POST,GET,"_plugin_api.POST("/get_dev_plugin_list", append(_getdevpluginlistMw(), coze.GetDevPluginList)...)"
/get_oauth_schema,Unknown,POST,GET,"_plugin_api.POST("/get_oauth_schema", append(_getoauthschemaapiMw(), coze.GetOAuthSchemaAPI)...)"
/get_oauth_status,Unknown,POST,GET,"_plugin_api.POST("/get_oauth_status", append(_getoauthstatusMw(), coze.GetOAuthStatus)...)"
/get_playground_plugin_list,Unknown,POST,GET,"_plugin_api.POST("/get_playground_plugin_list", append(_getplaygroundpluginlistMw(), coze.GetPlaygroundPluginList)...)"
/get_plugin_apis,Unknown,POST,GET,"_plugin_api.POST("/get_plugin_apis", append(_getpluginapisMw(), coze.GetPluginAPIs)...)"
/get_plugin_info,Unknown,POST,GET,"_plugin_api.POST("/get_plugin_info", append(_getplugininfoMw(), coze.GetPluginInfo)...)"
/get_plugin_next_version,Unknown,POST,GET,"_plugin_api.POST("/get_plugin_next_version", append(_getpluginnextversionMw(), coze.GetPluginNextVersion)...)"
/get_queried_oauth_plugins,Unknown,POST,GET,"_plugin_api.POST("/get_queried_oauth_plugins", append(_getqueriedoauthpluginlistMw(), coze.GetQueriedOAuthPluginList)...)"
/get_updated_apis,Unknown,POST,GET,"_plugin_api.POST("/get_updated_apis", append(_getupdatedapisMw(), coze.GetUpdatedAPIs)...)"
/get_user_authority,Unknown,POST,GET,"_plugin_api.POST("/get_user_authority", append(_getuserauthorityMw(), coze.GetUserAuthority)...)"
/library_resource_list,Unknown,POST,GET,"_plugin_api.POST("/library_resource_list", append(_libraryresourcelistMw(), coze.LibraryResourceList)...)"
/project_resource_list,Unknown,POST,GET,"_plugin_api.POST("/project_resource_list", append(_projectresourcelistMw(), coze.ProjectResourceList)...)"
/resource_copy_detail,Unknown,POST,GET,"_plugin_api.POST("/resource_copy_detail", append(_resourcecopydetailMw(), coze.ResourceCopyDetail)...)"
/example_workflow_list,Unknown,POST,GET,"_workflow_api.POST("/example_workflow_list", append(_getexampleworkflowlistMw(), coze.GetExampleWorkFlowList)...)"
/get_trace,Unknown,POST,GET,"_workflow_api.POST("/get_trace", append(_gettracesdkMw(), coze.GetTraceSDK)...)"
/list_publish_workflow,Unknown,POST,GET,"_workflow_api.POST("/list_publish_workflow", append(_listpublishworkflowMw(), coze.ListPublishWorkflow)...)"
/list_spans,Unknown,POST,GET,"_workflow_api.POST("/list_spans", append(_listrootspansMw(), coze.ListRootSpans)...)"
/llm_fc_setting_detail,Unknown,POST,GET,"_workflow_api.POST("/llm_fc_setting_detail", append(_getllmnodefcsettingdetailMw(), coze.GetLLMNodeFCSettingDetail)...)"
/node_panel_search,Unknown,POST,GET,"_workflow_api.POST("/node_panel_search", append(_nodepanelsearchMw(), coze.NodePanelSearch)...)"
/node_template_list,Unknown,POST,GET,"_workflow_api.POST("/node_template_list", append(_nodetemplatelistMw(), coze.NodeTemplateList)...)"
/workflow_detail,Unknown,POST,GET,"_workflow_api.POST("/workflow_detail", append(_getworkflowdetailMw(), coze.GetWorkflowDetail)...)"
/workflow_detail_info,Unknown,POST,GET,"_workflow_api.POST("/workflow_detail_info", append(_getworkflowdetailinfoMw(), coze.GetWorkflowDetailInfo)...)"
/workflow_list,Unknown,POST,GET,"_workflow_api.POST("/workflow_list", append(_getworkflowlistMw(), coze.GetWorkFlowList)...)"
/list,Unknown,POST,GET,"_message.POST("/list", append(_getapimessagelistMw(), coze.GetApiMessageList)...)"
